server_id,date,total_messages,new_members,active_members,total_members,day_of_week,is_weekend
server_001,2025-12-18,230,1,1,1,3,0
server_001,2025-12-19,0,0,1,1,4,0
server_001,2025-12-20,209,0,1,1,5,1
server_001,2025-12-21,254,1,2,2,6,1
server_001,2025-12-22,214,2,4,4,0,0
server_001,2025-12-23,161,2,6,6,1,0
server_001,2025-12-24,54,1,7,7,2,0
server_001,2025-12-25,230,0,7,7,3,0
server_001,2025-12-26,79,11,17,18,4,0
server_001,2025-12-27,228,0,18,18,5,1
server_001,2025-12-28,207,2,20,20,6,1
server_001,2025-12-29,105,0,20,20,0,0
server_001,2025-12-30,229,2,22,22,1,0
server_001,2025-12-31,254,10,32,32,2,0
server_001,2026-01-01,94,8,27,40,3,0
server_001,2026-01-02,355,1,41,41,4,0
server_001,2026-01-03,283,0,41,41,5,1
server_001,2026-01-04,351,1,42,42,6,1
server_001,2026-01-05,456,2,44,44,0,0
server_001,2026-01-06,256,0,44,44,1,0
server_001,2026-01-07,176,2,46,46,2,0
server_001,2026-01-08,260,2,42,48,3,0
server_001,2026-01-09,282,2,50,50,4,0
server_001,2026-01-10,245,6,56,56,5,1
server_001,2026-01-11,134,2,49,58,6,1
server_001,2026-01-12,152,2,41,60,0,0
server_001,2026-01-13,270,0,60,60,1,0
server_001,2026-01-14,306,1,61,61,2,0
server_001,2026-01-15,189,6,27,67,3,0
server_001,2026-01-16,186,0,38,67,4,0
server_001,2026-01-17,68,3,11,70,5,1
server_001,2026-01-18,121,1,21,71,6,1
server_001,2026-01-19,371,2,57,73,0,0
server_001,2026-01-20,38,3,20,76,1,0
server_001,2026-01-21,249,2,67,78,2,0
server_001,2026-01-22,195,0,53,78,3,0
server_001,2026-01-23,209,0,43,78,4,0
server_001,2026-01-24,153,0,23,78,5,1
server_001,2026-01-25,218,1,47,79,6,1
server_001,2026-01-26,97,3,13,82,0,0
server_001,2026-01-27,262,3,40,85,1,0
server_001,2026-01-28,160,0,23,85,2,0
server_001,2026-01-29,131,0,37,85,3,0
server_001,2026-01-30,83,6,11,91,4,0
server_001,2026-01-31,365,0,91,91,5,1
server_001,2026-02-01,379,7,38,98,6,1
server_001,2026-02-02,178,0,39,98,0,0
server_001,2026-02-03,322,2,66,100,1,0
server_001,2026-02-04,266,1,71,101,2,0
server_001,2026-02-05,272,2,45,103,3,0
server_001,2026-02-06,258,3,88,106,4,0
server_001,2026-02-07,98,1,52,107,5,1
server_001,2026-02-08,302,0,54,107,6,1
server_001,2026-02-09,178,0,31,107,0,0
server_001,2026-02-10,122,3,43,110,1,0
server_001,2026-02-11,293,0,46,110,2,0
server_001,2026-02-12,139,2,39,112,3,0
server_001,2026-02-13,207,2,103,114,4,0
server_001,2026-02-14,340,0,57,114,5,1
server_001,2026-02-15,266,1,45,115,6,1
server_001,2026-02-16,226,2,36,117,0,0
server_001,2026-02-17,299,11,64,128,1,0
server_001,2026-02-18,247,2,130,130,2,0
server_001,2026-02-19,137,1,34,131,3,0
server_001,2026-02-20,313,0,56,131,4,0
server_001,2026-02-21,476,5,69,136,5,1
server_001,2026-02-22,118,0,22,136,6,1
server_001,2026-02-23,295,13,76,149,0,0
server_001,2026-02-24,189,4,35,153,1,0
server_001,2026-02-25,105,0,106,153,2,0
server_001,2026-02-26,157,0,42,153,3,0
server_001,2026-02-27,210,0,21,153,4,0
server_001,2026-02-28,454,1,75,154,5,1
server_001,2026-03-01,225,0,75,154,6,1
server_001,2026-03-02,272,1,94,155,0,0
server_001,2026-03-03,83,4,14,159,1,0
server_001,2026-03-04,394,1,65,160,2,0
server_001,2026-03-05,287,0,99,160,3,0
server_001,2026-03-06,228,0,37,160,4,0
server_001,2026-03-07,325,1,161,161,5,1
server_001,2026-03-08,160,2,24,163,6,1
server_001,2026-03-09,225,0,31,163,0,0
server_001,2026-03-10,159,1,33,164,1,0
server_001,2026-03-11,87,0,21,164,2,0
server_001,2026-03-12,283,14,42,178,3,0
server_001,2026-03-13,215,0,43,178,4,0
server_001,2026-03-14,475,4,118,182,5,1
server_001,2026-03-15,503,2,51,184,6,1
server_001,2026-03-16,53,0,18,184,0,0
server_001,2026-03-17,121,0,125,184,1,0
server_001,2026-03-18,314,1,34,185,2,0
server_001,2026-03-19,239,4,63,189,3,0
server_001,2026-03-20,386,6,43,195,4,0
server_001,2026-03-21,117,1,44,196,5,1
server_001,2026-03-22,284,6,74,202,6,1
server_001,2026-03-23,251,3,44,205,0,0
server_001,2026-03-24,256,2,207,207,1,0
server_001,2026-03-25,264,0,49,207,2,0
server_001,2026-03-26,282,9,57,216,3,0
server_001,2026-03-27,163,2,24,218,4,0
server_001,2026-03-28,469,0,93,218,5,1
server_001,2026-03-29,326,0,41,218,6,1
server_001,2026-03-30,186,0,31,218,0,0
server_001,2026-03-31,286,2,75,220,1,0
server_001,2026-04-01,210,9,35,229,2,0
server_001,2026-04-02,269,1,89,230,3,0
server_001,2026-04-03,261,0,91,230,4,0
server_001,2026-04-04,98,3,21,233,5,1
server_001,2026-04-05,320,4,64,237,6,1
server_001,2026-04-06,231,18,80,255,0,0
server_001,2026-04-07,366,6,43,261,1,0
server_001,2026-04-08,150,2,19,263,2,0
server_001,2026-04-09,228,1,80,264,3,0
server_001,2026-04-10,275,0,264,264,4,0
server_001,2026-04-11,281,5,142,269,5,1
server_001,2026-04-12,163,1,20,270,6,1
server_001,2026-04-13,148,0,23,270,0,0
server_001,2026-04-14,248,1,45,271,1,0
server_001,2026-04-15,301,6,77,277,2,0
server_001,2026-04-16,281,6,40,283,3,0
server_001,2026-04-17,192,1,22,284,4,0
server_001,2026-04-18,246,4,46,288,5,1
server_001,2026-04-19,297,0,76,288,6,1
server_001,2026-04-20,278,2,282,290,0,0
server_001,2026-04-21,134,0,22,290,1,0
server_001,2026-04-22,227,5,45,295,2,0
server_001,2026-04-23,188,3,50,298,3,0
server_001,2026-04-24,193,1,39,299,4,0
server_001,2026-04-25,279,1,49,300,5,1
server_001,2026-04-26,286,8,36,308,6,1
server_001,2026-04-27,216,0,48,308,0,0
server_001,2026-04-28,149,0,25,308,1,0
server_001,2026-04-29,173,16,25,324,2,0
server_001,2026-04-30,338,1,84,325,3,0
server_001,2026-05-01,226,3,33,328,4,0
server_001,2026-05-02,180,0,34,328,5,1
server_001,2026-05-03,359,1,94,329,6,1
server_001,2026-05-04,151,0,153,329,0,0
server_001,2026-05-05,220,0,110,329,1,0
server_001,2026-05-06,348,0,121,329,2,0
server_001,2026-05-07,109,0,15,329,3,0
server_001,2026-05-08,223,1,78,330,4,0
server_001,2026-05-09,245,2,50,332,5,1
server_001,2026-05-10,426,0,85,332,6,1
server_001,2026-05-11,200,4,41,336,0,0
server_001,2026-05-12,177,1,24,337,1,0
server_001,2026-05-13,162,1,20,338,2,0
server_001,2026-05-14,229,2,32,340,3,0
server_001,2026-05-15,260,0,90,340,4,0
server_001,2026-05-16,298,8,151,348,5,1
server_001,2026-05-17,268,0,134,348,6,1
server_001,2026-05-18,332,6,52,354,0,0
server_001,2026-05-19,207,5,70,359,1,0
server_001,2026-05-20,223,2,48,361,2,0
server_001,2026-05-21,199,1,33,362,3,0
server_001,2026-05-22,226,1,42,363,4,0
server_001,2026-05-23,280,0,59,363,5,1
server_001,2026-05-24,158,2,34,365,6,1
server_001,2026-05-25,164,3,22,368,0,0
server_001,2026-05-26,243,2,248,370,1,0
server_001,2026-05-27,70,0,19,370,2,0
server_001,2026-05-28,178,4,36,374,3,0
server_001,2026-05-29,88,0,49,374,4,0
server_001,2026-05-30,445,0,94,374,5,1
server_001,2026-05-31,303,0,28,374,6,1
server_001,2026-06-01,242,2,34,376,0,0
server_001,2026-06-02,352,1,74,377,1,0
server_001,2026-06-03,111,0,20,377,2,0
server_001,2026-06-04,265,0,88,377,3,0
server_001,2026-06-05,146,0,50,377,4,0
server_001,2026-06-06,331,6,41,383,5,1
server_001,2026-06-07,303,0,55,383,6,1
server_001,2026-06-08,264,3,68,386,0,0
server_001,2026-06-09,215,0,39,386,1,0
server_001,2026-06-10,281,4,96,390,2,0
server_001,2026-06-11,403,0,70,390,3,0
server_001,2026-06-12,123,0,35,390,4,0
server_001,2026-06-13,237,2,51,392,5,1
server_001,2026-06-14,447,7,149,399,6,1
server_001,2026-06-15,302,1,304,400,0,0
server_001,2026-06-16,24,0,11,400,1,0
server_002,2025-12-18,214,2,2,2,3,0
server_002,2025-12-19,46,0,2,2,4,0
server_002,2025-12-20,289,0,2,2,5,1
server_002,2025-12-21,387,0,2,2,6,1
server_002,2025-12-22,119,1,3,3,0,0
server_002,2025-12-23,163,0,3,3,1,0
server_002,2025-12-24,75,1,4,4,2,0
server_002,2025-12-25,285,3,7,7,3,0
server_002,2025-12-26,295,1,8,8,4,0
server_002,2025-12-27,348,0,8,8,5,1
server_002,2025-12-28,278,0,8,8,6,1
server_002,2025-12-29,231,0,8,8,0,0
server_002,2025-12-30,269,6,14,14,1,0
server_002,2025-12-31,100,1,15,15,2,0
server_002,2026-01-01,262,2,17,17,3,0
server_002,2026-01-02,292,1,18,18,4,0
server_002,2026-01-03,59,0,11,18,5,1
server_002,2026-01-04,248,0,18,18,6,1
server_002,2026-01-05,124,1,19,19,0,0
server_002,2026-01-06,83,0,17,19,1,0
server_002,2026-01-07,115,0,17,19,2,0
server_002,2026-01-08,215,0,19,19,3,0
server_002,2026-01-09,138,5,20,24,4,0
server_002,2026-01-10,341,1,25,25,5,1
server_002,2026-01-11,411,0,25,25,6,1
server_002,2026-01-12,228,1,26,26,0,0
server_002,2026-01-13,305,1,27,27,1,0
server_002,2026-01-14,192,1,28,28,2,0
server_002,2026-01-15,58,1,14,29,3,0
server_002,2026-01-16,320,3,32,32,4,0
server_002,2026-01-17,268,1,33,33,5,1
server_002,2026-01-18,302,0,33,33,6,1
server_002,2026-01-19,309,8,37,41,0,0
server_002,2026-01-20,160,0,41,41,1,0
server_002,2026-01-21,168,1,42,42,2,0
server_002,2026-01-22,303,0,42,42,3,0
server_002,2026-01-23,284,3,45,45,4,0
server_002,2026-01-24,346,0,41,45,5,1
server_002,2026-01-25,192,0,45,45,6,1
server_002,2026-01-26,225,6,51,51,0,0
server_002,2026-01-27,342,3,36,54,1,0
server_002,2026-01-28,356,2,52,56,2,0
server_002,2026-01-29,81,0,25,56,3,0
server_002,2026-01-30,300,1,57,57,4,0
server_002,2026-01-31,332,4,49,61,5,1
server_002,2026-02-01,194,4,24,65,6,1
server_002,2026-02-02,0,0,3,65,0,0
server_002,2026-02-03,223,3,68,68,1,0
server_002,2026-02-04,235,0,68,68,2,0
server_002,2026-02-05,211,0,29,68,3,0
server_002,2026-02-06,217,0,68,68,4,0
server_002,2026-02-07,390,17,85,85,5,1
server_002,2026-02-08,318,4,46,89,6,1
server_002,2026-02-09,151,1,24,90,0,0
server_002,2026-02-10,171,0,29,90,1,0
server_002,2026-02-11,0,1,5,91,2,0
server_002,2026-02-12,172,3,19,94,3,0
server_002,2026-02-13,200,4,30,98,4,0
server_002,2026-02-14,256,2,42,100,5,1
server_002,2026-02-15,216,3,39,103,6,1
server_002,2026-02-16,294,0,98,103,0,0
server_002,2026-02-17,180,0,25,103,1,0
server_002,2026-02-18,148,3,19,106,2,0
server_002,2026-02-19,310,0,47,106,3,0
server_002,2026-02-20,360,0,41,106,4,0
server_002,2026-02-21,265,0,34,106,5,1
server_002,2026-02-22,85,3,13,109,6,1
server_002,2026-02-23,207,2,53,111,0,0
server_002,2026-02-24,326,2,84,113,1,0
server_002,2026-02-25,165,0,36,113,2,0
server_002,2026-02-26,179,0,37,113,3,0
server_002,2026-02-27,157,1,80,114,4,0
server_002,2026-02-28,370,0,114,114,5,1
server_002,2026-03-01,391,1,79,115,6,1
server_002,2026-03-02,239,0,35,115,0,0
server_002,2026-03-03,248,3,63,118,1,0
server_002,2026-03-04,171,0,118,118,2,0
server_002,2026-03-05,188,2,42,120,3,0
server_002,2026-03-06,269,14,39,134,4,0
server_002,2026-03-07,252,1,50,135,5,1
server_002,2026-03-08,474,5,79,140,6,1
server_002,2026-03-09,254,0,85,140,0,0
server_002,2026-03-10,390,2,142,142,1,0
server_002,2026-03-11,239,3,49,145,2,0
server_002,2026-03-12,359,0,44,145,3,0
server_002,2026-03-13,269,0,56,145,4,0
server_002,2026-03-14,246,2,83,147,5,1
server_002,2026-03-15,199,0,70,147,6,1
server_002,2026-03-16,12,0,7,147,0,0
server_002,2026-03-17,110,3,30,150,1,0
server_002,2026-03-18,222,1,79,151,2,0
server_002,2026-03-19,193,1,101,152,3,0
server_002,2026-03-20,282,2,61,154,4,0
server_002,2026-03-21,315,0,42,154,5,1
server_002,2026-03-22,227,0,42,154,6,1
server_002,2026-03-23,320,0,106,154,0,0
server_002,2026-03-24,98,0,13,154,1,0
server_002,2026-03-25,204,0,38,154,2,0
server_002,2026-03-26,340,1,155,155,3,0
server_002,2026-03-27,100,2,13,157,4,0
server_002,2026-03-28,397,0,70,157,5,1
server_002,2026-03-29,257,0,88,157,6,1
server_002,2026-03-30,173,2,26,159,0,0
server_002,2026-03-31,146,0,24,159,1,0
server_002,2026-04-01,161,0,159,159,2,0
server_002,2026-04-02,196,1,51,160,3,0
server_002,2026-04-03,433,0,56,160,4,0
server_002,2026-04-04,413,0,108,160,5,1
server_002,2026-04-05,272,0,54,160,6,1
server_002,2026-04-06,142,0,28,160,0,0
server_002,2026-04-07,481,0,160,160,1,0
server_002,2026-04-08,245,2,41,162,2,0
server_002,2026-04-09,153,0,33,162,3,0
server_002,2026-04-10,247,1,163,163,4,0
server_002,2026-04-11,328,1,50,164,5,1
server_002,2026-04-12,480,1,43,165,6,1
server_002,2026-04-13,265,1,55,166,0,0
server_002,2026-04-14,355,1,167,167,1,0
server_002,2026-04-15,205,2,68,169,2,0
server_002,2026-04-16,315,1,81,170,3,0
server_002,2026-04-17,223,2,58,172,4,0
server_002,2026-04-18,238,3,84,175,5,1
server_002,2026-04-19,208,4,38,179,6,1
server_002,2026-04-20,305,1,156,180,0,0
server_002,2026-04-21,167,16,85,196,1,0
server_002,2026-04-22,252,0,34,196,2,0
server_002,2026-04-23,359,1,74,197,3,0
server_002,2026-04-24,331,0,197,197,4,0
server_002,2026-04-25,183,2,50,199,5,1
server_002,2026-04-26,297,11,47,210,6,1
server_002,2026-04-27,158,1,34,211,0,0
server_002,2026-04-28,34,0,9,211,1,0
server_002,2026-04-29,325,1,49,212,2,0
server_002,2026-04-30,383,2,68,214,3,0
server_002,2026-05-01,160,1,37,215,4,0
server_002,2026-05-02,278,0,59,215,5,1
server_002,2026-05-03,383,3,64,218,6,1
server_002,2026-05-04,314,2,37,220,0,0
server_002,2026-05-05,240,1,30,221,1,0
server_002,2026-05-06,188,1,62,222,2,0
server_002,2026-05-07,219,3,76,225,3,0
server_002,2026-05-08,296,1,79,226,4,0
server_002,2026-05-09,269,6,90,232,5,1
server_002,2026-05-10,193,0,98,232,6,1
server_002,2026-05-11,190,2,35,234,0,0
server_002,2026-05-12,103,0,38,234,1,0
server_002,2026-05-13,177,0,40,234,2,0
server_002,2026-05-14,208,0,37,234,3,0
server_002,2026-05-15,273,0,49,234,4,0
server_002,2026-05-16,332,5,50,239,5,1
server_002,2026-05-17,215,2,55,241,6,1
server_002,2026-05-18,226,7,36,248,0,0
server_002,2026-05-19,356,18,53,266,1,0
server_002,2026-05-20,130,1,46,267,2,0
server_002,2026-05-21,239,8,41,275,3,0
server_002,2026-05-22,338,2,49,277,4,0
server_002,2026-05-23,232,2,62,279,5,1
server_002,2026-05-24,232,0,82,279,6,1
server_002,2026-05-25,426,0,75,279,0,0
server_002,2026-05-26,395,0,82,279,1,0
server_002,2026-05-27,308,2,28,281,2,0
server_002,2026-05-28,257,5,66,286,3,0
server_002,2026-05-29,97,0,23,286,4,0
server_002,2026-05-30,286,0,42,286,5,1
server_002,2026-05-31,312,0,41,286,6,1
server_002,2026-06-01,204,3,43,289,0,0
server_002,2026-06-02,316,2,67,291,1,0
server_002,2026-06-03,329,0,59,291,2,0
server_002,2026-06-04,222,1,19,292,3,0
server_002,2026-06-05,292,5,77,297,4,0
server_002,2026-06-06,171,1,61,298,5,1
server_002,2026-06-07,112,2,13,300,6,1
server_002,2026-06-08,330,2,37,302,0,0
server_002,2026-06-09,332,0,86,302,1,0
server_002,2026-06-10,247,1,35,303,2,0
server_002,2026-06-11,241,0,45,303,3,0
server_002,2026-06-12,276,0,40,303,4,0
server_002,2026-06-13,306,0,303,303,5,1
server_002,2026-06-14,156,1,54,304,6,1
server_002,2026-06-15,271,1,70,305,0,0
server_002,2026-06-16,63,20,14,325,1,0
server_003,2025-12-18,198,5,5,5,3,0
server_003,2025-12-19,180,2,7,7,4,0
server_003,2025-12-20,215,1,8,8,5,1
server_003,2025-12-21,186,1,9,9,6,1
server_003,2025-12-22,239,0,9,9,0,0
server_003,2025-12-23,267,7,16,16,1,0
server_003,2025-12-24,165,1,17,17,2,0
server_003,2025-12-25,142,1,18,18,3,0
server_003,2025-12-26,252,2,20,20,4,0
server_003,2025-12-27,266,0,20,20,5,1
server_003,2025-12-28,191,0,20,20,6,1
server_003,2025-12-29,209,2,22,22,0,0
server_003,2025-12-30,357,4,26,26,1,0
server_003,2025-12-31,203,2,27,28,2,0
server_003,2026-01-01,203,2,28,30,3,0
server_003,2026-01-02,218,13,43,43,4,0
server_003,2026-01-03,192,0,43,43,5,1
server_003,2026-01-04,320,2,45,45,6,1
server_003,2026-01-05,185,4,41,49,0,0
server_003,2026-01-06,304,1,33,50,1,0
server_003,2026-01-07,194,2,34,52,2,0
server_003,2026-01-08,97,0,19,52,3,0
server_003,2026-01-09,161,0,52,52,4,0
server_003,2026-01-10,267,0,52,52,5,1
server_003,2026-01-11,407,1,53,53,6,1
server_003,2026-01-12,172,3,43,56,0,0
server_003,2026-01-13,85,3,22,59,1,0
server_003,2026-01-14,278,1,57,60,2,0
server_003,2026-01-15,310,1,61,61,3,0
server_003,2026-01-16,184,5,66,66,4,0
server_003,2026-01-17,338,5,48,71,5,1
server_003,2026-01-18,248,0,40,71,6,1
server_003,2026-01-19,155,1,25,72,0,0
server_003,2026-01-20,95,14,23,86,1,0
server_003,2026-01-21,112,1,15,87,2,0
server_003,2026-01-22,134,4,71,91,3,0
server_003,2026-01-23,190,9,35,100,4,0
server_003,2026-01-24,276,9,43,109,5,1
server_003,2026-01-25,121,2,31,111,6,1
server_003,2026-01-26,318,4,33,115,0,0
server_003,2026-01-27,268,0,115,115,1,0
server_003,2026-01-28,285,2,49,117,2,0
server_003,2026-01-29,174,2,44,119,3,0
server_003,2026-01-30,215,2,71,121,4,0
server_003,2026-01-31,209,1,30,122,5,1
server_003,2026-02-01,199,0,67,122,6,1
server_003,2026-02-02,402,4,80,126,0,0
server_003,2026-02-03,117,4,29,130,1,0
server_003,2026-02-04,172,1,48,131,2,0
server_003,2026-02-05,271,6,137,137,3,0
server_003,2026-02-06,152,1,41,138,4,0
server_003,2026-02-07,300,1,52,139,5,1
server_003,2026-02-08,363,3,142,142,6,1
server_003,2026-02-09,160,2,80,144,0,0
server_003,2026-02-10,171,0,62,144,1,0
server_003,2026-02-11,124,4,31,148,2,0
server_003,2026-02-12,160,0,45,148,3,0
server_003,2026-02-13,213,0,46,148,4,0
server_003,2026-02-14,265,0,148,148,5,1
server_003,2026-02-15,379,2,96,150,6,1
server_003,2026-02-16,292,7,52,157,0,0
server_003,2026-02-17,190,0,96,157,1,0
server_003,2026-02-18,244,0,23,157,2,0
server_003,2026-02-19,292,13,170,170,3,0
server_003,2026-02-20,211,4,74,174,4,0
server_003,2026-02-21,414,6,82,180,5,1
server_003,2026-02-22,241,4,184,184,6,1
server_003,2026-02-23,180,1,24,185,0,0
server_003,2026-02-24,219,7,31,192,1,0
server_003,2026-02-25,264,4,39,196,2,0
server_003,2026-02-26,198,3,40,199,3,0
server_003,2026-02-27,212,5,56,204,4,0
server_003,2026-02-28,271,0,70,204,5,1
server_003,2026-03-01,386,3,82,207,6,1
server_003,2026-03-02,186,2,64,209,0,0
server_003,2026-03-03,146,0,39,209,1,0
server_003,2026-03-04,367,0,188,209,2,0
server_003,2026-03-05,206,0,37,209,3,0
server_003,2026-03-06,136,3,23,212,4,0
server_003,2026-03-07,399,0,53,212,5,1
server_003,2026-03-08,454,0,79,212,6,1
server_003,2026-03-09,107,0,110,212,0,0
server_003,2026-03-10,387,0,134,212,1,0
server_003,2026-03-11,230,4,61,216,2,0
server_003,2026-03-12,111,2,56,218,3,0
server_003,2026-03-13,214,1,45,219,4,0
server_003,2026-03-14,253,1,51,220,5,1
server_003,2026-03-15,120,1,42,221,6,1
server_003,2026-03-16,149,7,32,228,0,0
server_003,2026-03-17,190,0,29,228,1,0
server_003,2026-03-18,135,3,72,231,2,0
server_003,2026-03-19,180,2,182,233,3,0
server_003,2026-03-20,454,0,232,233,4,0
server_003,2026-03-21,329,2,66,235,5,1
server_003,2026-03-22,229,4,33,239,6,1
server_003,2026-03-23,223,0,58,239,0,0
server_003,2026-03-24,173,0,38,239,1,0
server_003,2026-03-25,204,1,40,240,2,0
server_003,2026-03-26,206,0,43,240,3,0
server_003,2026-03-27,318,0,240,240,4,0
server_003,2026-03-28,168,1,30,241,5,1
server_003,2026-03-29,322,2,34,243,6,1
server_003,2026-03-30,167,2,17,245,0,0
server_003,2026-03-31,208,11,211,256,1,0
server_003,2026-04-01,172,0,27,256,2,0
server_003,2026-04-02,187,1,36,257,3,0
server_003,2026-04-03,118,4,23,261,4,0
server_003,2026-04-04,268,0,71,261,5,1
server_003,2026-04-05,192,0,51,261,6,1
server_003,2026-04-06,117,2,28,263,0,0
server_003,2026-04-07,292,4,73,267,1,0
server_003,2026-04-08,189,0,34,267,2,0
server_003,2026-04-09,269,3,139,270,3,0
server_003,2026-04-10,372,8,55,278,4,0
server_003,2026-04-11,212,1,44,279,5,1
server_003,2026-04-12,151,2,31,281,6,1
server_003,2026-04-13,180,1,26,282,0,0
server_003,2026-04-14,310,0,39,282,1,0
server_003,2026-04-15,276,0,48,282,2,0
server_003,2026-04-16,358,0,51,282,3,0
server_003,2026-04-17,387,0,197,282,4,0
server_003,2026-04-18,235,0,36,282,5,1
server_003,2026-04-19,362,0,181,282,6,1
server_003,2026-04-20,310,5,34,287,0,0
server_003,2026-04-21,267,0,66,287,1,0
server_003,2026-04-22,214,2,24,289,2,0
server_003,2026-04-23,179,2,35,291,3,0
server_003,2026-04-24,157,0,56,291,4,0
server_003,2026-04-25,154,0,54,291,5,1
server_003,2026-04-26,386,0,46,291,6,1
server_003,2026-04-27,384,3,97,294,0,0
server_003,2026-04-28,304,2,55,296,1,0
server_003,2026-04-29,70,7,15,303,2,0
server_003,2026-04-30,342,2,50,305,3,0
server_003,2026-05-01,217,0,74,305,4,0
server_003,2026-05-02,280,1,56,306,5,1
server_003,2026-05-03,52,1,11,307,6,1
server_003,2026-05-04,119,4,34,311,0,0
server_003,2026-05-05,251,0,88,311,1,0
server_003,2026-05-06,341,0,173,311,2,0
server_003,2026-05-07,218,5,219,316,3,0
server_003,2026-05-08,300,2,151,318,4,0
server_003,2026-05-09,344,1,89,319,5,1
server_003,2026-05-10,108,1,15,320,6,1
server_003,2026-05-11,196,1,69,321,0,0
server_003,2026-05-12,219,3,21,324,1,0
server_003,2026-05-13,423,0,52,324,2,0
server_003,2026-05-14,77,0,13,324,3,0
server_003,2026-05-15,232,0,40,324,4,0
server_003,2026-05-16,365,0,64,324,5,1
server_003,2026-05-17,388,0,53,324,6,1
server_003,2026-05-18,49,7,19,331,0,0
server_003,2026-05-19,349,2,118,333,1,0
server_003,2026-05-20,182,4,50,337,2,0
server_003,2026-05-21,382,3,67,340,3,0
server_003,2026-05-22,107,1,24,341,4,0
server_003,2026-05-23,297,2,51,343,5,1
server_003,2026-05-24,49,1,11,344,6,1
server_003,2026-05-25,290,8,36,352,0,0
server_003,2026-05-26,134,3,31,355,1,0
server_003,2026-05-27,228,0,118,355,2,0
server_003,2026-05-28,333,0,112,355,3,0
server_003,2026-05-29,207,2,70,357,4,0
server_003,2026-05-30,420,0,85,357,5,1
server_003,2026-05-31,263,0,53,357,6,1
server_003,2026-06-01,145,1,23,358,0,0
server_003,2026-06-02,334,0,170,358,1,0
server_003,2026-06-03,115,1,27,359,2,0
server_003,2026-06-04,182,2,48,361,3,0
server_003,2026-06-05,203,0,38,361,4,0
server_003,2026-06-06,140,1,22,362,5,1
server_003,2026-06-07,427,0,88,362,6,1
server_003,2026-06-08,250,1,40,363,0,0
server_003,2026-06-09,405,0,60,363,1,0
server_003,2026-06-10,251,1,84,364,2,0
server_003,2026-06-11,413,0,142,364,3,0
server_003,2026-06-12,336,0,336,364,4,0
server_003,2026-06-13,260,1,262,365,5,1
server_003,2026-06-14,472,1,120,366,6,1
server_003,2026-06-15,133,8,26,374,0,0
server_003,2026-06-16,398,0,68,374,1,0
server_004,2025-12-18,342,2,2,2,3,0
server_004,2025-12-19,305,5,7,7,4,0
server_004,2025-12-20,247,0,7,7,5,1
server_004,2025-12-21,184,0,7,7,6,1
server_004,2025-12-22,302,1,8,8,0,0
server_004,2025-12-23,348,1,9,9,1,0
server_004,2025-12-24,304,9,18,18,2,0
server_004,2025-12-25,200,2,20,20,3,0
server_004,2025-12-26,340,3,23,23,4,0
server_004,2025-12-27,224,7,30,30,5,1
server_004,2025-12-28,366,0,30,30,6,1
server_004,2025-12-29,236,6,36,36,0,0
server_004,2025-12-30,275,1,37,37,1,0
server_004,2025-12-31,181,2,30,39,2,0
server_004,2026-01-01,314,0,39,39,3,0
server_004,2026-01-02,262,2,41,41,4,0
server_004,2026-01-03,366,1,42,42,5,1
server_004,2026-01-04,328,0,42,42,6,1
server_004,2026-01-05,316,4,46,46,0,0
server_004,2026-01-06,142,3,38,49,1,0
server_004,2026-01-07,224,0,37,49,2,0
server_004,2026-01-08,180,1,50,50,3,0
server_004,2026-01-09,31,4,19,54,4,0
server_004,2026-01-10,157,0,26,54,5,1
server_004,2026-01-11,363,23,73,77,6,1
server_004,2026-01-12,190,1,32,78,0,0
server_004,2026-01-13,242,2,43,80,1,0
server_004,2026-01-14,207,2,54,82,2,0
server_004,2026-01-15,175,3,28,85,3,0
server_004,2026-01-16,121,5,18,90,4,0
server_004,2026-01-17,251,2,52,92,5,1
server_004,2026-01-18,96,19,27,111,6,1
server_004,2026-01-19,286,0,111,111,0,0
server_004,2026-01-20,132,0,34,111,1,0
server_004,2026-01-21,106,0,30,111,2,0
server_004,2026-01-22,194,0,36,111,3,0
server_004,2026-01-23,135,0,31,111,4,0
server_004,2026-01-24,65,0,8,111,5,1
server_004,2026-01-25,206,1,36,112,6,1
server_004,2026-01-26,190,4,32,116,0,0
server_004,2026-01-27,174,3,39,119,1,0
server_004,2026-01-28,243,4,63,123,2,0
server_004,2026-01-29,173,4,34,127,3,0
server_004,2026-01-30,196,1,52,128,4,0
server_004,2026-01-31,320,0,57,128,5,1
server_004,2026-02-01,139,0,23,128,6,1
server_004,2026-02-02,0,1,5,129,0,0
server_004,2026-02-03,113,2,17,131,1,0
server_004,2026-02-04,228,1,119,132,2,0
server_004,2026-02-05,290,1,40,133,3,0
server_004,2026-02-06,378,2,58,135,4,0
server_004,2026-02-07,269,1,36,136,5,1
server_004,2026-02-08,290,2,98,138,6,1
server_004,2026-02-09,297,2,140,140,0,0
server_004,2026-02-10,181,5,30,145,1,0
server_004,2026-02-11,239,0,52,145,2,0
server_004,2026-02-12,332,2,71,147,3,0
server_004,2026-02-13,190,0,33,147,4,0
server_004,2026-02-14,36,2,17,149,5,1
server_004,2026-02-15,239,11,83,160,6,1
server_004,2026-02-16,116,2,28,162,0,0
server_004,2026-02-17,280,0,98,162,1,0
server_004,2026-02-18,464,1,118,163,2,0
server_004,2026-02-19,184,0,31,163,3,0
server_004,2026-02-20,270,1,46,164,4,0
server_004,2026-02-21,33,0,9,164,5,1
server_004,2026-02-22,316,0,82,164,6,1
server_004,2026-02-23,160,1,17,165,0,0
server_004,2026-02-24,200,5,36,170,1,0
server_004,2026-02-25,207,1,72,171,2,0
server_004,2026-02-26,172,6,21,177,3,0
server_004,2026-02-27,125,1,26,178,4,0
server_004,2026-02-28,38,0,14,178,5,1
server_004,2026-03-01,202,1,35,179,6,1
server_004,2026-03-02,191,6,51,185,0,0
server_004,2026-03-03,198,4,54,189,1,0
server_004,2026-03-04,341,1,69,190,2,0
server_004,2026-03-05,205,0,23,190,3,0
server_004,2026-03-06,89,5,21,195,4,0
server_004,2026-03-07,139,6,16,201,5,1
server_004,2026-03-08,311,1,103,202,6,1
server_004,2026-03-09,230,3,57,205,0,0
server_004,2026-03-10,257,1,66,206,1,0
server_004,2026-03-11,262,3,43,209,2,0
server_004,2026-03-12,232,5,38,214,3,0
server_004,2026-03-13,244,5,50,219,4,0
server_004,2026-03-14,360,3,60,222,5,1
server_004,2026-03-15,283,1,60,223,6,1
server_004,2026-03-16,194,1,69,224,0,0
server_004,2026-03-17,32,2,4,226,1,0
server_004,2026-03-18,77,1,9,227,2,0
server_004,2026-03-19,235,1,33,228,3,0
server_004,2026-03-20,194,0,102,228,4,0
server_004,2026-03-21,319,1,79,229,5,1
server_004,2026-03-22,293,0,149,229,6,1
server_004,2026-03-23,279,0,46,229,0,0
server_004,2026-03-24,100,6,18,235,1,0
server_004,2026-03-25,227,0,57,235,2,0
server_004,2026-03-26,270,2,54,237,3,0
server_004,2026-03-27,272,0,34,237,4,0
server_004,2026-03-28,171,1,43,238,5,1
server_004,2026-03-29,227,0,47,238,6,1
server_004,2026-03-30,324,4,81,242,0,0
server_004,2026-03-31,247,0,64,242,1,0
server_004,2026-04-01,223,0,112,242,2,0
server_004,2026-04-02,250,0,66,242,3,0
server_004,2026-04-03,217,1,77,243,4,0
server_004,2026-04-04,149,0,29,243,5,1
server_004,2026-04-05,410,3,69,246,6,1
server_004,2026-04-06,227,0,37,246,0,0
server_004,2026-04-07,309,2,46,248,1,0
server_004,2026-04-08,165,1,19,249,2,0
server_004,2026-04-09,348,4,59,253,3,0
server_004,2026-04-10,268,22,71,275,4,0
server_004,2026-04-11,177,3,29,278,5,1
server_004,2026-04-12,321,2,50,280,6,1
server_004,2026-04-13,242,1,60,281,0,0
server_004,2026-04-14,172,0,23,281,1,0
server_004,2026-04-15,211,3,45,284,2,0
server_004,2026-04-16,266,3,92,287,3,0
server_004,2026-04-17,371,7,95,294,4,0
server_004,2026-04-18,256,1,37,295,5,1
server_004,2026-04-19,311,3,106,298,6,1
server_004,2026-04-20,223,4,77,302,0,0
server_004,2026-04-21,311,1,63,303,1,0
server_004,2026-04-22,301,5,46,308,2,0
server_004,2026-04-23,378,2,65,310,3,0
server_004,2026-04-24,161,1,55,311,4,0
server_004,2026-04-25,292,1,46,312,5,1
server_004,2026-04-26,340,5,115,317,6,1
server_004,2026-04-27,239,0,42,317,0,0
server_004,2026-04-28,204,2,56,319,1,0
server_004,2026-04-29,275,1,30,320,2,0
server_004,2026-04-30,257,0,56,320,3,0
server_004,2026-05-01,353,2,45,322,4,0
server_004,2026-05-02,171,0,36,322,5,1
server_004,2026-05-03,188,2,189,324,6,1
server_004,2026-05-04,83,1,24,325,0,0
server_004,2026-05-05,182,0,35,325,1,0
server_004,2026-05-06,195,3,41,328,2,0
server_004,2026-05-07,252,0,38,328,3,0
server_004,2026-05-08,243,0,41,328,4,0
server_004,2026-05-09,639,0,73,328,5,1
server_004,2026-05-10,419,6,83,334,6,1
server_004,2026-05-11,165,2,84,336,0,0
server_004,2026-05-12,137,0,69,336,1,0
server_004,2026-05-13,115,0,26,336,2,0
server_004,2026-05-14,195,2,22,338,3,0
server_004,2026-05-15,293,0,61,338,4,0
server_004,2026-05-16,127,1,26,339,5,1
server_004,2026-05-17,168,1,30,340,6,1
server_004,2026-05-18,247,0,38,340,0,0
server_004,2026-05-19,125,3,27,343,1,0
server_004,2026-05-20,150,0,30,343,2,0
server_004,2026-05-21,183,3,96,346,3,0
server_004,2026-05-22,96,2,14,348,4,0
server_004,2026-05-23,259,1,69,349,5,1
server_004,2026-05-24,290,0,149,349,6,1
server_004,2026-05-25,264,4,267,353,0,0
server_004,2026-05-26,294,3,37,356,1,0
server_004,2026-05-27,20,3,9,359,2,0
server_004,2026-05-28,332,1,43,360,3,0
server_004,2026-05-29,282,2,61,362,4,0
server_004,2026-05-30,363,1,122,363,5,1
server_004,2026-05-31,63,4,16,367,6,1
server_004,2026-06-01,179,3,59,370,0,0
server_004,2026-06-02,153,0,51,370,1,0
server_004,2026-06-03,203,0,40,370,2,0
server_004,2026-06-04,154,1,51,371,3,0
server_004,2026-06-05,284,2,74,373,4,0
server_004,2026-06-06,239,2,27,375,5,1
server_004,2026-06-07,418,4,379,379,6,1
server_004,2026-06-08,314,3,54,382,0,0
server_004,2026-06-09,276,1,58,383,1,0
server_004,2026-06-10,129,3,28,386,2,0
server_004,2026-06-11,233,3,47,389,3,0
server_004,2026-06-12,349,0,71,389,4,0
server_004,2026-06-13,347,1,88,390,5,1
server_004,2026-06-14,272,0,92,390,6,1
server_004,2026-06-15,180,1,63,391,0,0
server_004,2026-06-16,0,2,2,393,1,0
server_005,2025-12-18,99,2,2,2,3,0
server_005,2025-12-19,144,2,4,4,4,0
server_005,2025-12-20,165,0,4,4,5,1
server_005,2025-12-21,276,1,5,5,6,1
server_005,2025-12-22,250,0,5,5,0,0
server_005,2025-12-23,128,3,8,8,1,0
server_005,2025-12-24,80,1,9,9,2,0
server_005,2025-12-25,109,5,14,14,3,0
server_005,2025-12-26,281,0,14,14,4,0
server_005,2025-12-27,284,16,30,30,5,1
server_005,2025-12-28,268,2,32,32,6,1
server_005,2025-12-29,160,2,24,34,0,0
server_005,2025-12-30,136,9,14,43,1,0
server_005,2025-12-31,359,0,43,43,2,0
server_005,2026-01-01,318,3,46,46,3,0
server_005,2026-01-02,327,2,48,48,4,0
server_005,2026-01-03,395,5,38,53,5,1
server_005,2026-01-04,152,1,38,54,6,1
server_005,2026-01-05,214,0,38,54,0,0
server_005,2026-01-06,160,6,32,60,1,0
server_005,2026-01-07,193,1,61,61,2,0
server_005,2026-01-08,204,4,44,65,3,0
server_005,2026-01-09,286,0,45,65,4,0
server_005,2026-01-10,225,3,49,68,5,1
server_005,2026-01-11,177,4,26,72,6,1
server_005,2026-01-12,245,1,44,73,0,0
server_005,2026-01-13,171,4,31,77,1,0
server_005,2026-01-14,64,2,37,79,2,0
server_005,2026-01-15,159,14,28,93,3,0
server_005,2026-01-16,172,8,87,101,4,0
server_005,2026-01-17,298,7,99,108,5,1
server_005,2026-01-18,217,2,30,110,6,1
server_005,2026-01-19,238,1,83,111,0,0
server_005,2026-01-20,214,0,56,111,1,0
server_005,2026-01-21,326,0,108,111,2,0
server_005,2026-01-22,189,0,41,111,3,0
server_005,2026-01-23,255,2,46,113,4,0
server_005,2026-01-24,263,4,89,117,5,1
server_005,2026-01-25,267,0,31,117,6,1
server_005,2026-01-26,245,4,86,121,0,0
server_005,2026-01-27,188,1,63,122,1,0
server_005,2026-01-28,118,1,39,123,2,0
server_005,2026-01-29,244,1,50,124,3,0
server_005,2026-01-30,164,17,33,141,4,0
server_005,2026-01-31,203,0,40,141,5,1
server_005,2026-02-01,349,2,59,143,6,1
server_005,2026-02-02,245,4,40,147,0,0
server_005,2026-02-03,168,3,32,150,1,0
server_005,2026-02-04,264,0,55,150,2,0
server_005,2026-02-05,340,12,85,162,3,0
server_005,2026-02-06,185,2,38,164,4,0
server_005,2026-02-07,275,1,94,165,5,1
server_005,2026-02-08,216,2,30,167,6,1
server_005,2026-02-09,207,3,73,170,0,0
server_005,2026-02-10,193,3,173,173,1,0
server_005,2026-02-11,94,3,47,176,2,0
server_005,2026-02-12,39,2,8,178,3,0
server_005,2026-02-13,88,3,89,181,4,0
server_005,2026-02-14,170,1,86,182,5,1
server_005,2026-02-15,274,2,32,184,6,1
server_005,2026-02-16,272,2,69,186,0,0
server_005,2026-02-17,284,6,27,192,1,0
server_005,2026-02-18,63,2,20,194,2,0
server_005,2026-02-19,250,4,51,198,3,0
server_005,2026-02-20,213,2,53,200,4,0
server_005,2026-02-21,257,3,86,203,5,1
server_005,2026-02-22,273,5,56,208,6,1
server_005,2026-02-23,78,4,20,212,0,0
server_005,2026-02-24,175,0,21,212,1,0
server_005,2026-02-25,265,1,69,213,2,0
server_005,2026-02-26,207,1,35,214,3,0
server_005,2026-02-27,306,0,214,214,4,0
server_005,2026-02-28,120,2,29,216,5,1
server_005,2026-03-01,76,0,27,216,6,1
server_005,2026-03-02,97,2,48,218,0,0
server_005,2026-03-03,70,3,18,221,1,0
server_005,2026-03-04,335,0,72,221,2,0
server_005,2026-03-05,225,1,19,222,3,0
server_005,2026-03-06,299,2,43,224,4,0
server_005,2026-03-07,420,0,84,224,5,1
server_005,2026-03-08,330,2,112,226,6,1
server_005,2026-03-09,196,4,29,230,0,0
server_005,2026-03-10,23,7,15,237,1,0
server_005,2026-03-11,176,1,178,238,2,0
server_005,2026-03-12,113,0,19,238,3,0
server_005,2026-03-13,95,3,19,241,4,0
server_005,2026-03-14,185,3,51,244,5,1
server_005,2026-03-15,444,0,224,244,6,1
server_005,2026-03-16,40,4,43,248,0,0
server_005,2026-03-17,180,0,24,248,1,0
server_005,2026-03-18,231,2,35,250,2,0
server_005,2026-03-19,257,5,68,255,3,0
server_005,2026-03-20,336,4,61,259,4,0
server_005,2026-03-21,256,1,55,260,5,1
server_005,2026-03-22,468,8,68,268,6,1
server_005,2026-03-23,298,0,61,268,0,0
server_005,2026-03-24,37,0,9,268,1,0
server_005,2026-03-25,200,3,31,271,2,0
server_005,2026-03-26,38,3,14,274,3,0
server_005,2026-03-27,133,1,45,275,4,0
server_005,2026-03-28,261,0,47,275,5,1
server_005,2026-03-29,127,2,42,277,6,1
server_005,2026-03-30,112,0,23,277,0,0
server_005,2026-03-31,120,0,18,277,1,0
server_005,2026-04-01,163,0,17,277,2,0
server_005,2026-04-02,75,0,28,277,3,0
server_005,2026-04-03,298,7,100,284,4,0
server_005,2026-04-04,340,7,175,291,5,1
server_005,2026-04-05,275,0,59,291,6,1
server_005,2026-04-06,342,1,87,292,0,0
server_005,2026-04-07,337,0,49,292,1,0
server_005,2026-04-08,291,0,62,292,2,0
server_005,2026-04-09,106,11,40,303,3,0
server_005,2026-04-10,221,4,112,307,4,0
server_005,2026-04-11,282,2,145,309,5,1
server_005,2026-04-12,241,3,65,312,6,1
server_005,2026-04-13,156,1,24,313,0,0
server_005,2026-04-14,221,3,15,316,1,0
server_005,2026-04-15,193,1,22,317,2,0
server_005,2026-04-16,282,0,144,317,3,0
server_005,2026-04-17,250,1,125,318,4,0
server_005,2026-04-18,370,2,56,320,5,1
server_005,2026-04-19,384,0,48,320,6,1
server_005,2026-04-20,169,1,27,321,0,0
server_005,2026-04-21,379,2,131,323,1,0
server_005,2026-04-22,286,7,57,330,2,0
server_005,2026-04-23,171,1,86,331,3,0
server_005,2026-04-24,101,0,17,331,4,0
server_005,2026-04-25,203,0,33,331,5,1
server_005,2026-04-26,416,1,46,332,6,1
server_005,2026-04-27,229,0,78,332,0,0
server_005,2026-04-28,126,0,47,332,1,0
server_005,2026-04-29,322,0,55,332,2,0
server_005,2026-04-30,299,0,60,332,3,0
server_005,2026-05-01,206,1,38,333,4,0
server_005,2026-05-02,123,5,43,338,5,1
server_005,2026-05-03,299,3,49,341,6,1
server_005,2026-05-04,157,1,57,342,0,0
server_005,2026-05-05,34,1,13,343,1,0
server_005,2026-05-06,267,0,47,343,2,0
server_005,2026-05-07,201,4,37,347,3,0
server_005,2026-05-08,309,4,51,351,4,0
server_005,2026-05-09,196,2,37,353,5,1
server_005,2026-05-10,298,1,53,354,6,1
server_005,2026-05-11,56,0,11,354,0,0
server_005,2026-05-12,227,2,78,356,1,0
server_005,2026-05-13,228,2,40,358,2,0
server_005,2026-05-14,386,2,40,360,3,0
server_005,2026-05-15,306,1,158,361,4,0
server_005,2026-05-16,227,1,38,362,5,1
server_005,2026-05-17,329,0,68,362,6,1
server_005,2026-05-18,146,2,52,364,0,0
server_005,2026-05-19,213,1,30,365,1,0
server_005,2026-05-20,243,3,81,368,2,0
server_005,2026-05-21,88,0,21,368,3,0
server_005,2026-05-22,376,3,52,371,4,0
server_005,2026-05-23,303,1,303,372,5,1
server_005,2026-05-24,249,0,53,372,6,1
server_005,2026-05-25,171,0,34,372,0,0
server_005,2026-05-26,285,1,143,373,1,0
server_005,2026-05-27,190,2,34,375,2,0
server_005,2026-05-28,180,2,40,377,3,0
server_005,2026-05-29,114,0,21,377,4,0
server_005,2026-05-30,184,2,37,379,5,1
server_005,2026-05-31,234,2,42,381,6,1
server_005,2026-06-01,418,2,104,383,0,0
server_005,2026-06-02,247,1,50,384,1,0
server_005,2026-06-03,371,4,49,388,2,0
server_005,2026-06-04,274,2,39,390,3,0
server_005,2026-06-05,336,0,88,390,4,0
server_005,2026-06-06,110,1,17,391,5,1
server_005,2026-06-07,215,0,46,391,6,1
server_005,2026-06-08,177,0,89,391,0,0
server_005,2026-06-09,291,0,59,391,1,0
server_005,2026-06-10,196,13,51,404,2,0
server_005,2026-06-11,114,7,17,411,3,0
server_005,2026-06-12,264,1,69,412,4,0
server_005,2026-06-13,592,0,150,412,5,1
server_005,2026-06-14,413,2,62,414,6,1
server_005,2026-06-15,117,0,19,414,0,0
server_005,2026-06-16,168,1,88,415,1,0
server_006,2025-12-18,213,3,3,3,3,0
server_006,2025-12-19,211,0,3,3,4,0
server_006,2025-12-20,260,2,5,5,5,1
server_006,2025-12-21,116,4,9,9,6,1
server_006,2025-12-22,251,1,10,10,0,0
server_006,2025-12-23,195,0,10,10,1,0
server_006,2025-12-24,98,1,11,11,2,0
server_006,2025-12-25,312,0,11,11,3,0
server_006,2025-12-26,305,1,12,12,4,0
server_006,2025-12-27,288,1,13,13,5,1
server_006,2025-12-28,138,1,14,14,6,1
server_006,2025-12-29,216,2,16,16,0,0
server_006,2025-12-30,140,10,26,26,1,0
server_006,2025-12-31,257,0,26,26,2,0
server_006,2026-01-01,273,0,26,26,3,0
server_006,2026-01-02,241,1,27,27,4,0
server_006,2026-01-03,242,0,27,27,5,1
server_006,2026-01-04,164,0,20,27,6,1
server_006,2026-01-05,244,0,27,27,0,0
server_006,2026-01-06,166,3,30,30,1,0
server_006,2026-01-07,410,0,30,30,2,0
server_006,2026-01-08,303,1,31,31,3,0
server_006,2026-01-09,208,1,32,32,4,0
server_006,2026-01-10,298,0,32,32,5,1
server_006,2026-01-11,196,3,33,35,6,1
server_006,2026-01-12,105,1,36,36,0,0
server_006,2026-01-13,148,0,36,36,1,0
server_006,2026-01-14,175,11,44,47,2,0
server_006,2026-01-15,198,13,60,60,3,0
server_006,2026-01-16,207,3,63,63,4,0
server_006,2026-01-17,140,4,49,67,5,1
server_006,2026-01-18,299,1,68,68,6,1
server_006,2026-01-19,352,9,53,77,0,0
server_006,2026-01-20,208,0,34,77,1,0
server_006,2026-01-21,173,0,59,77,2,0
server_006,2026-01-22,141,1,36,78,3,0
server_006,2026-01-23,200,1,43,79,4,0
server_006,2026-01-24,514,4,83,83,5,1
server_006,2026-01-25,82,3,16,86,6,1
server_006,2026-01-26,154,1,22,87,0,0
server_006,2026-01-27,257,0,34,87,1,0
server_006,2026-01-28,164,1,56,88,2,0
server_006,2026-01-29,285,5,57,93,3,0
server_006,2026-01-30,237,2,44,95,4,0
server_006,2026-01-31,281,0,59,95,5,1
server_006,2026-02-01,392,1,66,96,6,1
server_006,2026-02-02,165,7,27,103,0,0
server_006,2026-02-03,120,4,28,107,1,0
server_006,2026-02-04,185,4,42,111,2,0
server_006,2026-02-05,228,1,41,112,3,0
server_006,2026-02-06,158,3,40,115,4,0
server_006,2026-02-07,187,2,41,117,5,1
server_006,2026-02-08,254,0,84,117,6,1
server_006,2026-02-09,363,1,52,118,0,0
server_006,2026-02-10,176,0,39,118,1,0
server_006,2026-02-11,243,16,43,134,2,0
server_006,2026-02-12,179,0,32,134,3,0
server_006,2026-02-13,97,0,20,134,4,0
server_006,2026-02-14,342,0,48,134,5,1
server_006,2026-02-15,111,1,42,135,6,1
server_006,2026-02-16,370,2,126,137,0,0
server_006,2026-02-17,149,0,17,137,1,0
server_006,2026-02-18,290,0,100,137,2,0
server_006,2026-02-19,215,1,76,138,3,0
server_006,2026-02-20,141,0,38,138,4,0
server_006,2026-02-21,70,0,17,138,5,1
server_006,2026-02-22,360,1,93,139,6,1
server_006,2026-02-23,172,0,26,139,0,0
server_006,2026-02-24,284,1,35,140,1,0
server_006,2026-02-25,103,2,18,142,2,0
server_006,2026-02-26,0,0,0,142,3,0
server_006,2026-02-27,177,1,28,143,4,0
server_006,2026-02-28,293,6,48,149,5,1
server_006,2026-03-01,81,3,20,152,6,1
server_006,2026-03-02,178,0,23,152,0,0
server_006,2026-03-03,113,0,41,152,1,0
server_006,2026-03-04,272,1,91,153,2,0
server_006,2026-03-05,113,0,15,153,3,0
server_006,2026-03-06,27,3,10,156,4,0
server_006,2026-03-07,106,0,26,156,5,1
server_006,2026-03-08,395,1,132,157,6,1
server_006,2026-03-09,291,2,61,159,0,0
server_006,2026-03-10,160,2,80,161,1,0
server_006,2026-03-11,278,2,37,163,2,0
server_006,2026-03-12,216,4,26,167,3,0
server_006,2026-03-13,294,3,52,170,4,0
server_006,2026-03-14,198,2,51,172,5,1
server_006,2026-03-15,304,0,53,172,6,1
server_006,2026-03-16,136,2,19,174,0,0
server_006,2026-03-17,263,3,55,177,1,0
server_006,2026-03-18,230,0,30,177,2,0
server_006,2026-03-19,286,1,95,178,3,0
server_006,2026-03-20,256,0,47,178,4,0
server_006,2026-03-21,246,0,49,178,5,1
server_006,2026-03-22,418,0,141,178,6,1
server_006,2026-03-23,198,2,180,180,0,0
server_006,2026-03-24,172,3,32,183,1,0
server_006,2026-03-25,377,0,56,183,2,0
server_006,2026-03-26,156,0,79,183,3,0
server_006,2026-03-27,281,2,47,185,4,0
server_006,2026-03-28,266,8,54,193,5,1
server_006,2026-03-29,300,2,52,195,6,1
server_006,2026-03-30,287,1,148,196,0,0
server_006,2026-03-31,364,1,55,197,1,0
server_006,2026-04-01,316,1,31,198,2,0
server_006,2026-04-02,213,1,43,199,3,0
server_006,2026-04-03,39,0,14,199,4,0
server_006,2026-04-04,259,0,88,199,5,1
server_006,2026-04-05,306,2,45,201,6,1
server_006,2026-04-06,169,3,35,204,0,0
server_006,2026-04-07,300,3,104,207,1,0
server_006,2026-04-08,241,2,60,209,2,0
server_006,2026-04-09,271,0,72,209,3,0
server_006,2026-04-10,347,2,59,211,4,0
server_006,2026-04-11,468,1,117,212,5,1
server_006,2026-04-12,298,5,60,217,6,1
server_006,2026-04-13,349,3,89,220,0,0
server_006,2026-04-14,166,3,44,223,1,0
server_006,2026-04-15,380,0,47,223,2,0
server_006,2026-04-16,233,2,23,225,3,0
server_006,2026-04-17,188,1,52,226,4,0
server_006,2026-04-18,476,16,59,242,5,1
server_006,2026-04-19,181,2,47,244,6,1
server_006,2026-04-20,240,1,37,245,0,0
server_006,2026-04-21,93,0,32,245,1,0
server_006,2026-04-22,178,5,59,250,2,0
server_006,2026-04-23,266,0,53,250,3,0
server_006,2026-04-24,166,4,28,254,4,0
server_006,2026-04-25,244,1,86,255,5,1
server_006,2026-04-26,205,1,27,256,6,1
server_006,2026-04-27,152,1,43,257,0,0
server_006,2026-04-28,336,2,67,259,1,0
server_006,2026-04-29,96,0,35,259,2,0
server_006,2026-04-30,206,0,55,259,3,0
server_006,2026-05-01,93,1,23,260,4,0
server_006,2026-05-02,371,3,65,263,5,1
server_006,2026-05-03,128,2,26,265,6,1
server_006,2026-05-04,186,1,67,266,0,0
server_006,2026-05-05,290,0,76,266,1,0
server_006,2026-05-06,253,3,54,269,2,0
server_006,2026-05-07,490,0,66,269,3,0
server_006,2026-05-08,207,1,21,270,4,0
server_006,2026-05-09,300,4,103,274,5,1
server_006,2026-05-10,161,1,45,275,6,1
server_006,2026-05-11,299,0,37,275,0,0
server_006,2026-05-12,379,2,52,277,1,0
server_006,2026-05-13,223,5,39,282,2,0
server_006,2026-05-14,307,3,53,285,3,0
server_006,2026-05-15,132,0,24,285,4,0
server_006,2026-05-16,249,4,252,289,5,1
server_006,2026-05-17,388,2,43,291,6,1
server_006,2026-05-18,308,0,28,291,0,0
server_006,2026-05-19,199,0,44,291,1,0
server_006,2026-05-20,280,0,61,291,2,0
server_006,2026-05-21,27,0,7,291,3,0
server_006,2026-05-22,147,0,37,291,4,0
server_006,2026-05-23,428,5,85,296,5,1
server_006,2026-05-24,303,3,54,299,6,1
server_006,2026-05-25,223,1,37,300,0,0
server_006,2026-05-26,229,0,45,300,1,0
server_006,2026-05-27,135,3,37,303,2,0
server_006,2026-05-28,236,1,39,304,3,0
server_006,2026-05-29,263,4,66,308,4,0
server_006,2026-05-30,249,0,252,308,5,1
server_006,2026-05-31,382,0,97,308,6,1
server_006,2026-06-01,112,1,19,309,0,0
server_006,2026-06-02,267,0,53,309,1,0
server_006,2026-06-03,237,1,36,310,2,0
server_006,2026-06-04,353,0,74,310,3,0
server_006,2026-06-05,280,2,140,312,4,0
server_006,2026-06-06,379,1,57,313,5,1
server_006,2026-06-07,274,0,137,313,6,1
server_006,2026-06-08,160,3,45,316,0,0
server_006,2026-06-09,99,4,16,320,1,0
server_006,2026-06-10,145,2,18,322,2,0
server_006,2026-06-11,221,4,56,326,3,0
server_006,2026-06-12,200,6,33,332,4,0
server_006,2026-06-13,144,6,19,338,5,1
server_006,2026-06-14,318,0,84,338,6,1
server_006,2026-06-15,93,5,15,343,0,0
server_006,2026-06-16,315,1,55,344,1,0
server_007,2025-12-18,258,0,0,0,3,0
server_007,2025-12-19,276,2,2,2,4,0
server_007,2025-12-20,209,5,7,7,5,1
server_007,2025-12-21,205,3,10,10,6,1
server_007,2025-12-22,246,3,13,13,0,0
server_007,2025-12-23,127,0,13,13,1,0
server_007,2025-12-24,169,2,15,15,2,0
server_007,2025-12-25,214,5,20,20,3,0
server_007,2025-12-26,122,0,20,20,4,0
server_007,2025-12-27,362,0,20,20,5,1
server_007,2025-12-28,150,1,21,21,6,1
server_007,2025-12-29,151,0,21,21,0,0
server_007,2025-12-30,228,1,22,22,1,0
server_007,2025-12-31,196,0,22,22,2,0
server_007,2026-01-01,0,0,3,22,3,0
server_007,2026-01-02,305,4,26,26,4,0
server_007,2026-01-03,244,1,27,27,5,1
server_007,2026-01-04,155,0,27,27,6,1
server_007,2026-01-05,296,1,28,28,0,0
server_007,2026-01-06,213,1,29,29,1,0
server_007,2026-01-07,137,6,35,35,2,0
server_007,2026-01-08,48,2,9,37,3,0
server_007,2026-01-09,105,8,18,45,4,0
server_007,2026-01-10,184,0,45,45,5,1
server_007,2026-01-11,107,3,21,48,6,1
server_007,2026-01-12,135,4,21,52,0,0
server_007,2026-01-13,129,2,47,54,1,0
server_007,2026-01-14,142,8,32,62,2,0
server_007,2026-01-15,274,1,63,63,3,0
server_007,2026-01-16,254,0,63,63,4,0
server_007,2026-01-17,176,0,33,63,5,1
server_007,2026-01-18,212,0,63,63,6,1
server_007,2026-01-19,274,5,50,68,0,0
server_007,2026-01-20,213,2,37,70,1,0
server_007,2026-01-21,257,0,70,70,2,0
server_007,2026-01-22,93,0,21,70,3,0
server_007,2026-01-23,132,5,71,75,4,0
server_007,2026-01-24,127,0,34,75,5,1
server_007,2026-01-25,266,0,75,75,6,1
server_007,2026-01-26,148,0,50,75,0,0
server_007,2026-01-27,237,1,64,76,1,0
server_007,2026-01-28,0,0,5,76,2,0
server_007,2026-01-29,181,1,38,77,3,0
server_007,2026-01-30,118,3,18,80,4,0
server_007,2026-01-31,111,7,24,87,5,1
server_007,2026-02-01,206,0,55,87,6,1
server_007,2026-02-02,210,8,33,95,0,0
server_007,2026-02-03,38,0,8,95,1,0
server_007,2026-02-04,275,0,56,95,2,0
server_007,2026-02-05,267,10,55,105,3,0
server_007,2026-02-06,109,2,18,107,4,0
server_007,2026-02-07,32,1,18,108,5,1
server_007,2026-02-08,173,1,24,109,6,1
server_007,2026-02-09,304,2,30,111,0,0
server_007,2026-02-10,155,1,35,112,1,0
server_007,2026-02-11,173,1,46,113,2,0
server_007,2026-02-12,200,4,37,117,3,0
server_007,2026-02-13,225,1,45,118,4,0
server_007,2026-02-14,220,1,44,119,5,1
server_007,2026-02-15,165,2,21,121,6,1
server_007,2026-02-16,109,0,19,121,0,0
server_007,2026-02-17,141,0,39,121,1,0
server_007,2026-02-18,463,3,92,124,2,0
server_007,2026-02-19,35,0,8,124,3,0
server_007,2026-02-20,296,2,53,126,4,0
server_007,2026-02-21,278,1,93,127,5,1
server_007,2026-02-22,56,2,16,129,6,1
server_007,2026-02-23,215,2,47,131,0,0
server_007,2026-02-24,118,4,31,135,1,0
server_007,2026-02-25,288,2,73,137,2,0
server_007,2026-02-26,257,3,39,140,3,0
server_007,2026-02-27,280,1,59,141,4,0
server_007,2026-02-28,269,1,38,142,5,1
server_007,2026-03-01,132,1,68,143,6,1
server_007,2026-03-02,89,5,11,148,0,0
server_007,2026-03-03,145,2,20,150,1,0
server_007,2026-03-04,88,2,23,152,2,0
server_007,2026-03-05,302,3,53,155,3,0
server_007,2026-03-06,330,1,56,156,4,0
server_007,2026-03-07,295,9,101,165,5,1
server_007,2026-03-08,406,0,165,165,6,1
server_007,2026-03-09,276,1,46,166,0,0
server_007,2026-03-10,269,5,55,171,1,0
server_007,2026-03-11,70,3,19,174,2,0
server_007,2026-03-12,233,1,59,175,3,0
server_007,2026-03-13,54,6,11,181,4,0
server_007,2026-03-14,286,1,72,182,5,1
server_007,2026-03-15,470,0,80,182,6,1
server_007,2026-03-16,81,0,16,182,0,0
server_007,2026-03-17,309,0,66,182,1,0
server_007,2026-03-18,294,4,61,186,2,0
server_007,2026-03-19,333,0,66,186,3,0
server_007,2026-03-20,220,3,36,189,4,0
server_007,2026-03-21,271,3,47,192,5,1
server_007,2026-03-22,88,0,18,192,6,1
server_007,2026-03-23,326,0,67,192,0,0
server_007,2026-03-24,278,5,57,197,1,0
server_007,2026-03-25,229,2,79,199,2,0
server_007,2026-03-26,115,3,31,202,3,0
server_007,2026-03-27,246,2,66,204,4,0
server_007,2026-03-28,485,1,165,205,5,1
server_007,2026-03-29,604,2,152,207,6,1
server_007,2026-03-30,73,6,15,213,0,0
server_007,2026-03-31,367,5,91,218,1,0
server_007,2026-04-01,128,3,26,221,2,0
server_007,2026-04-02,271,2,92,223,3,0
server_007,2026-04-03,144,2,48,225,4,0
server_007,2026-04-04,186,2,48,227,5,1
server_007,2026-04-05,235,1,33,228,6,1
server_007,2026-04-06,275,2,41,230,0,0
server_007,2026-04-07,101,1,102,231,1,0
server_007,2026-04-08,238,0,40,231,2,0
server_007,2026-04-09,353,1,90,232,3,0
server_007,2026-04-10,374,0,97,232,4,0
server_007,2026-04-11,306,0,41,232,5,1
server_007,2026-04-12,273,7,31,239,6,1
server_007,2026-04-13,222,3,49,242,0,0
server_007,2026-04-14,112,1,20,243,1,0
server_007,2026-04-15,178,0,62,243,2,0
server_007,2026-04-16,336,1,170,244,3,0
server_007,2026-04-17,123,1,22,245,4,0
server_007,2026-04-18,179,0,48,245,5,1
server_007,2026-04-19,334,6,85,251,6,1
server_007,2026-04-20,368,2,78,253,0,0
server_007,2026-04-21,201,3,25,256,1,0
server_007,2026-04-22,214,3,42,259,2,0
server_007,2026-04-23,123,0,21,259,3,0
server_007,2026-04-24,283,7,60,266,4,0
server_007,2026-04-25,263,0,53,266,5,1
server_007,2026-04-26,181,3,32,269,6,1
server_007,2026-04-27,130,2,27,271,0,0
server_007,2026-04-28,242,2,63,273,1,0
server_007,2026-04-29,361,0,37,273,2,0
server_007,2026-04-30,127,1,32,274,3,0
server_007,2026-05-01,218,2,38,276,4,0
server_007,2026-05-02,234,0,28,276,5,1
server_007,2026-05-03,409,5,105,281,6,1
server_007,2026-05-04,256,0,35,281,0,0
server_007,2026-05-05,96,4,15,285,1,0
server_007,2026-05-06,295,3,64,288,2,0
server_007,2026-05-07,336,3,89,291,3,0
server_007,2026-05-08,308,4,105,295,4,0
server_007,2026-05-09,129,2,16,297,5,1
server_007,2026-05-10,156,0,24,297,6,1
server_007,2026-05-11,210,0,27,297,0,0
server_007,2026-05-12,168,1,47,298,1,0
server_007,2026-05-13,35,4,7,302,2,0
server_007,2026-05-14,204,1,103,303,3,0
server_007,2026-05-15,297,5,150,308,4,0
server_007,2026-05-16,233,20,78,328,5,1
server_007,2026-05-17,91,0,12,328,6,1
server_007,2026-05-18,284,2,34,330,0,0
server_007,2026-05-19,345,0,57,330,1,0
server_007,2026-05-20,50,2,12,332,2,0
server_007,2026-05-21,0,0,3,332,3,0
server_007,2026-05-22,218,4,46,336,4,0
server_007,2026-05-23,594,12,200,348,5,1
server_007,2026-05-24,333,0,171,348,6,1
server_007,2026-05-25,130,4,27,352,0,0
server_007,2026-05-26,198,2,33,354,1,0
server_007,2026-05-27,145,2,53,356,2,0
server_007,2026-05-28,318,2,66,358,3,0
server_007,2026-05-29,341,6,116,364,4,0
server_007,2026-05-30,145,1,41,365,5,1
server_007,2026-05-31,15,1,10,366,6,1
server_007,2026-06-01,241,2,84,368,0,0
server_007,2026-06-02,302,2,50,370,1,0
server_007,2026-06-03,328,0,70,370,2,0
server_007,2026-06-04,178,1,94,371,3,0
server_007,2026-06-05,400,0,202,371,4,0
server_007,2026-06-06,196,0,67,371,5,1
server_007,2026-06-07,75,2,23,373,6,1
server_007,2026-06-08,291,0,50,373,0,0
server_007,2026-06-09,225,0,29,373,1,0
server_007,2026-06-10,373,2,67,375,2,0
server_007,2026-06-11,283,0,49,375,3,0
server_007,2026-06-12,250,1,65,376,4,0
server_007,2026-06-13,174,4,29,380,5,1
server_007,2026-06-14,486,0,121,380,6,1
server_007,2026-06-15,235,0,49,380,0,0
server_007,2026-06-16,279,0,36,380,1,0
server_008,2025-12-18,58,1,1,1,3,0
server_008,2025-12-19,138,2,3,3,4,0
server_008,2025-12-20,314,0,3,3,5,1
server_008,2025-12-21,264,0,3,3,6,1
server_008,2025-12-22,264,3,6,6,0,0
server_008,2025-12-23,180,1,7,7,1,0
server_008,2025-12-24,176,1,8,8,2,0
server_008,2025-12-25,245,7,15,15,3,0
server_008,2025-12-26,157,1,16,16,4,0
server_008,2025-12-27,248,2,18,18,5,1
server_008,2025-12-28,351,9,27,27,6,1
server_008,2025-12-29,172,1,24,28,0,0
server_008,2025-12-30,233,0,28,28,1,0
server_008,2025-12-31,311,1,29,29,2,0
server_008,2026-01-01,205,0,29,29,3,0
server_008,2026-01-02,156,2,31,31,4,0
server_008,2026-01-03,210,6,37,37,5,1
server_008,2026-01-04,323,0,37,37,6,1
server_008,2026-01-05,509,0,37,37,0,0
server_008,2026-01-06,171,1,29,38,1,0
server_008,2026-01-07,237,0,38,38,2,0
server_008,2026-01-08,135,0,31,38,3,0
server_008,2026-01-09,205,1,39,39,4,0
server_008,2026-01-10,229,8,42,47,5,1
server_008,2026-01-11,283,1,37,48,6,1
server_008,2026-01-12,234,2,50,50,0,0
server_008,2026-01-13,289,0,50,50,1,0
server_008,2026-01-14,34,2,5,52,2,0
server_008,2026-01-15,143,0,32,52,3,0
server_008,2026-01-16,241,0,52,52,4,0
server_008,2026-01-17,346,1,51,53,5,1
server_008,2026-01-18,252,3,56,56,6,1
server_008,2026-01-19,209,5,41,61,0,0
server_008,2026-01-20,267,5,37,66,1,0
server_008,2026-01-21,269,0,66,66,2,0
server_008,2026-01-22,20,0,10,66,3,0
server_008,2026-01-23,222,8,74,74,4,0
server_008,2026-01-24,279,1,75,75,5,1
server_008,2026-01-25,144,1,28,76,6,1
server_008,2026-01-26,275,0,34,76,0,0
server_008,2026-01-27,308,2,46,78,1,0
server_008,2026-01-28,68,2,22,80,2,0
server_008,2026-01-29,167,0,41,80,3,0
server_008,2026-01-30,136,2,35,82,4,0
server_008,2026-01-31,123,1,22,83,5,1
server_008,2026-02-01,252,1,45,84,6,1
server_008,2026-02-02,291,3,43,87,0,0
server_008,2026-02-03,66,0,18,87,1,0
server_008,2026-02-04,88,0,25,87,2,0
server_008,2026-02-05,269,0,68,87,3,0
server_008,2026-02-06,267,5,55,92,4,0
server_008,2026-02-07,261,1,35,93,5,1
server_008,2026-02-08,144,1,15,94,6,1
server_008,2026-02-09,127,3,30,97,0,0
server_008,2026-02-10,295,0,97,97,1,0
server_008,2026-02-11,131,4,45,101,2,0
server_008,2026-02-12,311,1,38,102,3,0
server_008,2026-02-13,355,0,102,102,4,0
server_008,2026-02-14,293,0,100,102,5,1
server_008,2026-02-15,344,0,73,102,6,1
server_008,2026-02-16,178,0,29,102,0,0
server_008,2026-02-17,258,2,104,104,1,0
server_008,2026-02-18,314,0,104,104,2,0
server_008,2026-02-19,45,1,14,105,3,0
server_008,2026-02-20,178,1,90,106,4,0
server_008,2026-02-21,578,6,112,112,5,1
server_008,2026-02-22,360,2,77,114,6,1
server_008,2026-02-23,222,0,24,114,0,0
server_008,2026-02-24,241,3,80,117,1,0
server_008,2026-02-25,332,3,45,120,2,0
server_008,2026-02-26,261,0,33,120,3,0
server_008,2026-02-27,234,0,49,120,4,0
server_008,2026-02-28,218,0,36,120,5,1
server_008,2026-03-01,348,2,34,122,6,1
server_008,2026-03-02,167,4,23,126,0,0
server_008,2026-03-03,368,0,93,126,1,0
server_008,2026-03-04,198,0,53,126,2,0
server_008,2026-03-05,16,2,6,128,3,0
server_008,2026-03-06,198,0,40,128,4,0
server_008,2026-03-07,97,1,19,129,5,1
server_008,2026-03-08,449,1,76,130,6,1
server_008,2026-03-09,267,0,68,130,0,0
server_008,2026-03-10,230,1,118,131,1,0
server_008,2026-03-11,113,0,37,131,2,0
server_008,2026-03-12,211,3,55,134,3,0
server_008,2026-03-13,234,1,58,135,4,0
server_008,2026-03-14,308,7,56,142,5,1
server_008,2026-03-15,233,0,33,142,6,1
server_008,2026-03-16,124,0,26,142,0,0
server_008,2026-03-17,196,3,66,145,1,0
server_008,2026-03-18,277,3,30,148,2,0
server_008,2026-03-19,249,0,51,148,3,0
server_008,2026-03-20,88,0,10,148,4,0
server_008,2026-03-21,426,0,110,148,5,1
server_008,2026-03-22,231,3,43,151,6,1
server_008,2026-03-23,132,2,22,153,0,0
server_008,2026-03-24,191,2,40,155,1,0
server_008,2026-03-25,213,0,27,155,2,0
server_008,2026-03-26,240,1,34,156,3,0
server_008,2026-03-27,142,3,25,159,4,0
server_008,2026-03-28,185,4,163,163,5,1
server_008,2026-03-29,447,0,152,163,6,1
server_008,2026-03-30,149,7,54,170,0,0
server_008,2026-03-31,278,2,55,172,1,0
server_008,2026-04-01,287,0,61,172,2,0
server_008,2026-04-02,190,5,27,177,3,0
server_008,2026-04-03,158,2,33,179,4,0
server_008,2026-04-04,401,1,138,180,5,1
server_008,2026-04-05,224,1,117,181,6,1
server_008,2026-04-06,77,4,25,185,0,0
server_008,2026-04-07,376,0,129,185,1,0
server_008,2026-04-08,150,0,78,185,2,0
server_008,2026-04-09,212,0,46,185,3,0
server_008,2026-04-10,133,4,26,189,4,0
server_008,2026-04-11,230,0,120,189,5,1
server_008,2026-04-12,238,2,39,191,6,1
server_008,2026-04-13,179,0,47,191,0,0
server_008,2026-04-14,263,2,65,193,1,0
server_008,2026-04-15,236,0,82,193,2,0
server_008,2026-04-16,181,0,30,193,3,0
server_008,2026-04-17,236,2,28,195,4,0
server_008,2026-04-18,212,0,24,195,5,1
server_008,2026-04-19,272,0,58,195,6,1
server_008,2026-04-20,208,13,69,208,0,0
server_008,2026-04-21,252,1,44,209,1,0
server_008,2026-04-22,292,0,100,209,2,0
server_008,2026-04-23,100,0,22,209,3,0
server_008,2026-04-24,277,1,58,210,4,0
server_008,2026-04-25,265,2,90,212,5,1
server_008,2026-04-26,287,1,49,213,6,1
server_008,2026-04-27,142,2,20,215,0,0
server_008,2026-04-28,129,0,18,215,1,0
server_008,2026-04-29,177,5,91,220,2,0
server_008,2026-04-30,36,3,10,223,3,0
server_008,2026-05-01,149,1,14,224,4,0
server_008,2026-05-02,301,2,35,226,5,1
server_008,2026-05-03,378,0,63,226,6,1
server_008,2026-05-04,295,1,100,227,0,0
server_008,2026-05-05,278,1,96,228,1,0
server_008,2026-05-06,211,2,55,230,2,0
server_008,2026-05-07,311,1,107,231,3,0
server_008,2026-05-08,168,4,25,235,4,0
server_008,2026-05-09,351,0,60,235,5,1
server_008,2026-05-10,374,0,187,235,6,1
server_008,2026-05-11,0,0,4,235,0,0
server_008,2026-05-12,91,0,17,235,1,0
server_008,2026-05-13,88,0,13,235,2,0
server_008,2026-05-14,230,0,58,235,3,0
server_008,2026-05-15,308,0,40,235,4,0
server_008,2026-05-16,392,1,44,236,5,1
server_008,2026-05-17,137,2,23,238,6,1
server_008,2026-05-18,158,5,81,243,0,0
server_008,2026-05-19,281,1,140,244,1,0
server_008,2026-05-20,232,0,51,244,2,0
server_008,2026-05-21,190,0,38,244,3,0
server_008,2026-05-22,172,0,35,244,4,0
server_008,2026-05-23,140,4,28,248,5,1
server_008,2026-05-24,284,12,48,260,6,1
server_008,2026-05-25,289,2,60,262,0,0
server_008,2026-05-26,395,0,99,262,1,0
server_008,2026-05-27,303,1,106,263,2,0
server_008,2026-05-28,166,0,46,263,3,0
server_008,2026-05-29,0,0,1,263,4,0
server_008,2026-05-30,396,2,104,265,5,1
server_008,2026-05-31,395,0,131,265,6,1
server_008,2026-06-01,259,0,53,265,0,0
server_008,2026-06-02,274,4,39,269,1,0
server_008,2026-06-03,218,3,36,272,2,0
server_008,2026-06-04,348,2,119,274,3,0
server_008,2026-06-05,273,1,69,275,4,0
server_008,2026-06-06,0,0,4,275,5,1
server_008,2026-06-07,554,1,276,276,6,1
server_008,2026-06-08,298,1,150,277,0,0
server_008,2026-06-09,289,3,98,280,1,0
server_008,2026-06-10,224,6,59,286,2,0
server_008,2026-06-11,337,0,85,286,3,0
server_008,2026-06-12,260,2,66,288,4,0
server_008,2026-06-13,143,1,24,289,5,1
server_008,2026-06-14,396,0,198,289,6,1
server_008,2026-06-15,125,0,62,289,0,0
server_008,2026-06-16,42,2,18,291,1,0
server_009,2025-12-18,87,1,1,1,3,0
server_009,2025-12-19,225,0,1,1,4,0
server_009,2025-12-20,268,2,3,3,5,1
server_009,2025-12-21,200,0,3,3,6,1
server_009,2025-12-22,239,6,9,9,0,0
server_009,2025-12-23,109,2,11,11,1,0
server_009,2025-12-24,108,4,15,15,2,0
server_009,2025-12-25,167,0,15,15,3,0
server_009,2025-12-26,218,14,29,29,4,0
server_009,2025-12-27,139,2,31,31,5,1
server_009,2025-12-28,237,1,32,32,6,1
server_009,2025-12-29,357,3,35,35,0,0
server_009,2025-12-30,241,0,35,35,1,0
server_009,2025-12-31,221,2,37,37,2,0
server_009,2026-01-01,322,3,31,40,3,0
server_009,2026-01-02,61,1,17,41,4,0
server_009,2026-01-03,257,0,41,41,5,1
server_009,2026-01-04,307,1,42,42,6,1
server_009,2026-01-05,262,0,35,42,0,0
server_009,2026-01-06,184,1,43,43,1,0
server_009,2026-01-07,46,1,15,44,2,0
server_009,2026-01-08,194,3,47,47,3,0
server_009,2026-01-09,169,0,33,47,4,0
server_009,2026-01-10,284,9,56,56,5,1
server_009,2026-01-11,336,2,58,58,6,1
server_009,2026-01-12,177,1,46,59,0,0
server_009,2026-01-13,187,0,27,59,1,0
server_009,2026-01-14,302,3,29,62,2,0
server_009,2026-01-15,299,0,35,62,3,0
server_009,2026-01-16,156,0,19,62,4,0
server_009,2026-01-17,8,0,4,62,5,1
server_009,2026-01-18,379,0,62,62,6,1
server_009,2026-01-19,159,1,41,63,0,0
server_009,2026-01-20,382,0,63,63,1,0
server_009,2026-01-21,233,0,58,63,2,0
server_009,2026-01-22,80,2,13,65,3,0
server_009,2026-01-23,166,1,44,66,4,0
server_009,2026-01-24,142,0,24,66,5,1
server_009,2026-01-25,321,2,40,68,6,1
server_009,2026-01-26,255,3,71,71,0,0
server_009,2026-01-27,241,4,27,75,1,0
server_009,2026-01-28,310,3,56,78,2,0
server_009,2026-01-29,274,3,73,81,3,0
server_009,2026-01-30,213,5,35,86,4,0
server_009,2026-01-31,100,0,21,86,5,1
server_009,2026-02-01,164,0,43,86,6,1
server_009,2026-02-02,176,0,36,86,0,0
server_009,2026-02-03,231,0,36,86,1,0
server_009,2026-02-04,169,0,47,86,2,0
server_009,2026-02-05,140,0,25,86,3,0
server_009,2026-02-06,368,0,63,86,4,0
server_009,2026-02-07,168,0,42,86,5,1
server_009,2026-02-08,200,2,51,88,6,1
server_009,2026-02-09,237,2,81,90,0,0
server_009,2026-02-10,107,0,17,90,1,0
server_009,2026-02-11,272,1,91,91,2,0
server_009,2026-02-12,203,0,91,91,3,0
server_009,2026-02-13,295,3,60,94,4,0
server_009,2026-02-14,336,0,85,94,5,1
server_009,2026-02-15,193,0,41,94,6,1
server_009,2026-02-16,218,4,74,98,0,0
server_009,2026-02-17,300,1,77,99,1,0
server_009,2026-02-18,193,1,30,100,2,0
server_009,2026-02-19,244,0,61,100,3,0
server_009,2026-02-20,283,1,50,101,4,0
server_009,2026-02-21,230,3,38,104,5,1
server_009,2026-02-22,312,15,119,119,6,1
server_009,2026-02-23,219,3,47,122,0,0
server_009,2026-02-24,284,2,61,124,1,0
server_009,2026-02-25,155,0,33,124,2,0
server_009,2026-02-26,154,0,55,124,3,0
server_009,2026-02-27,336,2,87,126,4,0
server_009,2026-02-28,383,1,65,127,5,1
server_009,2026-03-01,199,1,100,128,6,1
server_009,2026-03-02,255,1,43,129,0,0
server_009,2026-03-03,221,0,47,129,1,0
server_009,2026-03-04,315,0,53,129,2,0
server_009,2026-03-05,263,0,44,129,3,0
server_009,2026-03-06,216,4,47,133,4,0
server_009,2026-03-07,131,5,20,138,5,1
server_009,2026-03-08,289,0,97,138,6,1
server_009,2026-03-09,177,21,36,159,0,0
server_009,2026-03-10,263,0,70,159,1,0
server_009,2026-03-11,312,2,83,161,2,0
server_009,2026-03-12,321,0,57,161,3,0
server_009,2026-03-13,216,7,38,168,4,0
server_009,2026-03-14,428,8,107,176,5,1
server_009,2026-03-15,311,0,54,176,6,1
server_009,2026-03-16,126,3,42,179,0,0
server_009,2026-03-17,305,1,47,180,1,0
server_009,2026-03-18,220,0,180,180,2,0
server_009,2026-03-19,339,8,188,188,3,0
server_009,2026-03-20,361,2,94,190,4,0
server_009,2026-03-21,47,2,9,192,5,1
server_009,2026-03-22,258,0,52,192,6,1
server_009,2026-03-23,421,1,144,193,0,0
server_009,2026-03-24,376,3,190,196,1,0
server_009,2026-03-25,314,5,38,201,2,0
server_009,2026-03-26,271,4,28,205,3,0
server_009,2026-03-27,441,0,75,205,4,0
server_009,2026-03-28,392,0,42,205,5,1
server_009,2026-03-29,381,10,37,215,6,1
server_009,2026-03-30,149,1,28,216,0,0
server_009,2026-03-31,136,5,69,221,1,0
server_009,2026-04-01,177,0,61,221,2,0
server_009,2026-04-02,283,2,44,223,3,0
server_009,2026-04-03,89,2,12,225,4,0
server_009,2026-04-04,313,1,31,226,5,1
server_009,2026-04-05,219,2,58,228,6,1
server_009,2026-04-06,353,1,39,229,0,0
server_009,2026-04-07,343,4,46,233,1,0
server_009,2026-04-08,148,1,38,234,2,0
server_009,2026-04-09,94,1,19,235,3,0
server_009,2026-04-10,285,0,71,235,4,0
server_009,2026-04-11,288,0,51,235,5,1
server_009,2026-04-12,432,13,216,248,6,1
server_009,2026-04-13,218,0,36,248,0,0
server_009,2026-04-14,202,8,32,256,1,0
server_009,2026-04-15,196,1,41,257,2,0
server_009,2026-04-16,238,0,52,257,3,0
server_009,2026-04-17,190,0,190,257,4,0
server_009,2026-04-18,480,0,60,257,5,1
server_009,2026-04-19,337,0,114,257,6,1
server_009,2026-04-20,169,3,29,260,0,0
server_009,2026-04-21,148,0,15,260,1,0
server_009,2026-04-22,195,2,33,262,2,0
server_009,2026-04-23,114,0,28,262,3,0
server_009,2026-04-24,315,4,68,266,4,0
server_009,2026-04-25,285,0,58,266,5,1
server_009,2026-04-26,173,5,45,271,6,1
server_009,2026-04-27,318,7,111,278,0,0
server_009,2026-04-28,62,4,21,282,1,0
server_009,2026-04-29,175,0,32,282,2,0
server_009,2026-04-30,123,1,22,283,3,0
server_009,2026-05-01,189,0,29,283,4,0
server_009,2026-05-02,151,2,26,285,5,1
server_009,2026-05-03,356,3,178,288,6,1
server_009,2026-05-04,48,2,14,290,0,0
server_009,2026-05-05,283,1,99,291,1,0
server_009,2026-05-06,323,4,56,295,2,0
server_009,2026-05-07,345,2,172,297,3,0
server_009,2026-05-08,240,2,33,299,4,0
server_009,2026-05-09,222,1,77,300,5,1
server_009,2026-05-10,250,3,254,303,6,1
server_009,2026-05-11,232,2,237,305,0,0
server_009,2026-05-12,146,1,50,306,1,0
server_009,2026-05-13,216,0,72,306,2,0
server_009,2026-05-14,267,0,91,306,3,0
server_009,2026-05-15,231,0,38,306,4,0
server_009,2026-05-16,178,10,27,316,5,1
server_009,2026-05-17,410,0,70,316,6,1
server_009,2026-05-18,177,0,38,316,0,0
server_009,2026-05-19,203,1,50,317,1,0
server_009,2026-05-20,378,0,99,317,2,0
server_009,2026-05-21,168,1,84,318,3,0
server_009,2026-05-22,247,5,39,323,4,0
server_009,2026-05-23,289,0,46,323,5,1
server_009,2026-05-24,29,1,4,324,6,1
server_009,2026-05-25,312,5,63,329,0,0
server_009,2026-05-26,356,0,71,329,1,0
server_009,2026-05-27,281,1,73,330,2,0
server_009,2026-05-28,253,3,32,333,3,0
server_009,2026-05-29,231,15,60,348,4,0
server_009,2026-05-30,99,0,33,348,5,1
server_009,2026-05-31,295,1,54,349,6,1
server_009,2026-06-01,300,0,40,349,0,0
server_009,2026-06-02,278,5,57,354,1,0
server_009,2026-06-03,14,2,8,356,2,0
server_009,2026-06-04,230,3,32,359,3,0
server_009,2026-06-05,137,1,14,360,4,0
server_009,2026-06-06,371,0,186,360,5,1
server_009,2026-06-07,136,7,35,367,6,1
server_009,2026-06-08,270,3,47,370,0,0
server_009,2026-06-09,320,0,30,370,1,0
server_009,2026-06-10,215,0,58,370,2,0
server_009,2026-06-11,305,2,79,372,3,0
server_009,2026-06-12,327,5,65,377,4,0
server_009,2026-06-13,294,1,45,378,5,1
server_009,2026-06-14,198,1,66,379,6,1
server_009,2026-06-15,190,1,96,380,0,0
server_009,2026-06-16,154,1,30,381,1,0
server_010,2025-12-18,229,0,0,0,3,0
server_010,2025-12-19,229,1,1,1,4,0
server_010,2025-12-20,250,1,2,2,5,1
server_010,2025-12-21,254,9,11,11,6,1
server_010,2025-12-22,76,5,14,16,0,0
server_010,2025-12-23,164,0,16,16,1,0
server_010,2025-12-24,117,7,23,23,2,0
server_010,2025-12-25,251,3,26,26,3,0
server_010,2025-12-26,218,2,28,28,4,0
server_010,2025-12-27,254,0,28,28,5,1
server_010,2025-12-28,111,7,35,35,6,1
server_010,2025-12-29,229,1,36,36,0,0
server_010,2025-12-30,332,1,37,37,1,0
server_010,2025-12-31,234,4,41,41,2,0
server_010,2026-01-01,316,10,51,51,3,0
server_010,2026-01-02,166,2,42,53,4,0
server_010,2026-01-03,214,0,31,53,5,1
server_010,2026-01-04,0,2,1,55,6,1
server_010,2026-01-05,367,1,56,56,0,0
server_010,2026-01-06,217,1,57,57,1,0
server_010,2026-01-07,129,9,44,66,2,0
server_010,2026-01-08,274,0,30,66,3,0
server_010,2026-01-09,131,3,47,69,4,0
server_010,2026-01-10,200,3,30,72,5,1
server_010,2026-01-11,206,2,74,74,6,1
server_010,2026-01-12,174,1,63,75,0,0
server_010,2026-01-13,186,1,49,76,1,0
server_010,2026-01-14,229,4,40,80,2,0
server_010,2026-01-15,330,3,83,83,3,0
server_010,2026-01-16,213,1,84,84,4,0
server_010,2026-01-17,325,0,51,84,5,1
server_010,2026-01-18,274,0,50,84,6,1
server_010,2026-01-19,99,4,17,88,0,0
server_010,2026-01-20,352,0,73,88,1,0
server_010,2026-01-21,387,1,89,89,2,0
server_010,2026-01-22,223,1,57,90,3,0
server_010,2026-01-23,180,15,25,105,4,0
server_010,2026-01-24,366,1,95,106,5,1
server_010,2026-01-25,173,4,29,110,6,1
server_010,2026-01-26,8,4,6,114,0,0
server_010,2026-01-27,230,3,78,117,1,0
server_010,2026-01-28,0,0,4,117,2,0
server_010,2026-01-29,152,1,53,118,3,0
server_010,2026-01-30,138,1,21,119,4,0
server_010,2026-01-31,177,0,38,119,5,1
server_010,2026-02-01,151,1,39,120,6,1
server_010,2026-02-02,353,0,120,120,0,0
server_010,2026-02-03,186,2,66,122,1,0
server_010,2026-02-04,149,1,19,123,2,0
server_010,2026-02-05,151,0,29,123,3,0
server_010,2026-02-06,283,0,32,123,4,0
server_010,2026-02-07,211,0,72,123,5,1
server_010,2026-02-08,403,0,70,123,6,1
server_010,2026-02-09,235,0,29,123,0,0
server_010,2026-02-10,242,0,21,123,1,0
server_010,2026-02-11,126,2,21,125,2,0
server_010,2026-02-12,321,1,54,126,3,0
server_010,2026-02-13,72,3,73,129,4,0
server_010,2026-02-14,156,3,19,132,5,1
server_010,2026-02-15,158,2,22,134,6,1
server_010,2026-02-16,190,6,41,140,0,0
server_010,2026-02-17,257,1,29,141,1,0
server_010,2026-02-18,239,1,82,142,2,0
server_010,2026-02-19,37,1,17,143,3,0
server_010,2026-02-20,35,7,11,150,4,0
server_010,2026-02-21,198,1,151,151,5,1
server_010,2026-02-22,168,1,32,152,6,1
server_010,2026-02-23,0,0,2,152,0,0
server_010,2026-02-24,169,1,60,153,1,0
server_010,2026-02-25,139,0,20,153,2,0
server_010,2026-02-26,195,0,68,153,3,0
server_010,2026-02-27,180,4,27,157,4,0
server_010,2026-02-28,169,4,36,161,5,1
server_010,2026-03-01,300,0,76,161,6,1
server_010,2026-03-02,311,0,159,161,0,0
server_010,2026-03-03,317,0,68,161,1,0
server_010,2026-03-04,282,4,141,165,2,0
server_010,2026-03-05,0,4,1,169,3,0
server_010,2026-03-06,132,0,38,169,4,0
server_010,2026-03-07,207,1,74,170,5,1
server_010,2026-03-08,340,0,61,170,6,1
server_010,2026-03-09,156,0,44,170,0,0
server_010,2026-03-10,405,0,70,170,1,0
server_010,2026-03-11,157,1,42,171,2,0
server_010,2026-03-12,143,2,74,173,3,0
server_010,2026-03-13,203,2,29,175,4,0
server_010,2026-03-14,53,0,56,175,5,1
server_010,2026-03-15,225,2,78,177,6,1
server_010,2026-03-16,90,0,22,177,0,0
server_010,2026-03-17,341,4,45,181,1,0
server_010,2026-03-18,33,0,4,181,2,0
server_010,2026-03-19,374,4,58,185,3,0
server_010,2026-03-20,183,5,92,190,4,0
server_010,2026-03-21,332,1,84,191,5,1
server_010,2026-03-22,95,1,21,192,6,1
server_010,2026-03-23,304,0,106,192,0,0
server_010,2026-03-24,215,0,58,192,1,0
server_010,2026-03-25,200,0,42,192,2,0
server_010,2026-03-26,423,2,71,194,3,0
server_010,2026-03-27,333,0,169,194,4,0
server_010,2026-03-28,244,2,35,196,5,1
server_010,2026-03-29,166,0,38,196,6,1
server_010,2026-03-30,134,2,23,198,0,0
server_010,2026-03-31,274,3,46,201,1,0
server_010,2026-04-01,302,0,76,201,2,0
server_010,2026-04-02,133,2,26,203,3,0
server_010,2026-04-03,180,0,39,203,4,0
server_010,2026-04-04,383,0,99,203,5,1
server_010,2026-04-05,209,1,43,204,6,1
server_010,2026-04-06,234,1,41,205,0,0
server_010,2026-04-07,82,2,12,207,1,0
server_010,2026-04-08,197,2,23,209,2,0
server_010,2026-04-09,206,2,211,211,3,0
server_010,2026-04-10,105,0,27,211,4,0
server_010,2026-04-11,300,3,214,214,5,1
server_010,2026-04-12,379,0,49,214,6,1
server_010,2026-04-13,91,11,30,225,0,0
server_010,2026-04-14,106,2,15,227,1,0
server_010,2026-04-15,263,0,57,227,2,0
server_010,2026-04-16,136,2,17,229,3,0
server_010,2026-04-17,44,0,9,229,4,0
server_010,2026-04-18,268,0,49,229,5,1
server_010,2026-04-19,60,0,17,229,6,1
server_010,2026-04-20,329,10,112,239,0,0
server_010,2026-04-21,145,1,27,240,1,0
server_010,2026-04-22,193,0,22,240,2,0
server_010,2026-04-23,47,2,13,242,3,0
server_010,2026-04-24,239,0,59,242,4,0
server_010,2026-04-25,189,0,97,242,5,1
server_010,2026-04-26,137,1,24,243,6,1
server_010,2026-04-27,220,0,40,243,0,0
server_010,2026-04-28,136,0,35,243,1,0
server_010,2026-04-29,0,1,1,244,2,0
server_010,2026-04-30,365,0,184,244,3,0
server_010,2026-05-01,210,4,42,248,4,0
server_010,2026-05-02,258,2,37,250,5,1
server_010,2026-05-03,297,1,45,251,6,1
server_010,2026-05-04,339,6,174,257,0,0
server_010,2026-05-05,259,1,45,258,1,0
server_010,2026-05-06,247,1,36,259,2,0
server_010,2026-05-07,197,1,53,260,3,0
server_010,2026-05-08,0,1,0,261,4,0
server_010,2026-05-09,86,1,12,262,5,1
server_010,2026-05-10,362,1,122,263,6,1
server_010,2026-05-11,298,0,61,263,0,0
server_010,2026-05-12,187,4,31,267,1,0
server_010,2026-05-13,77,0,25,267,2,0
server_010,2026-05-14,282,0,99,267,3,0
server_010,2026-05-15,414,0,138,267,4,0
server_010,2026-05-16,383,1,52,268,5,1
server_010,2026-05-17,321,0,32,268,6,1
server_010,2026-05-18,219,1,45,269,0,0
server_010,2026-05-19,320,0,107,269,1,0
server_010,2026-05-20,264,0,90,269,2,0
server_010,2026-05-21,189,0,36,269,3,0
server_010,2026-05-22,106,5,55,274,4,0
server_010,2026-05-23,349,0,63,274,5,1
server_010,2026-05-24,421,8,73,282,6,1
server_010,2026-05-25,134,0,70,282,0,0
server_010,2026-05-26,252,0,32,282,1,0
server_010,2026-05-27,346,0,53,282,2,0
server_010,2026-05-28,324,0,85,282,3,0
server_010,2026-05-29,254,0,52,282,4,0
server_010,2026-05-30,399,0,137,282,5,1
server_010,2026-05-31,388,2,66,284,6,1
server_010,2026-06-01,286,0,57,284,0,0
server_010,2026-06-02,127,0,30,284,1,0
server_010,2026-06-03,235,2,24,286,2,0
server_010,2026-06-04,302,0,53,286,3,0
server_010,2026-06-05,172,0,26,286,4,0
server_010,2026-06-06,59,0,33,286,5,1
server_010,2026-06-07,96,0,20,286,6,1
server_010,2026-06-08,95,1,36,287,0,0
server_010,2026-06-09,355,2,90,289,1,0
server_010,2026-06-10,279,0,56,289,2,0
server_010,2026-06-11,152,2,155,291,3,0
server_010,2026-06-12,119,2,34,293,4,0
server_010,2026-06-13,393,0,200,293,5,1
server_010,2026-06-14,315,0,52,293,6,1
server_010,2026-06-15,340,1,88,294,0,0
server_010,2026-06-16,428,1,64,295,1,0
